{
	"type": "minecraft:generic",
	"pools": [
		{
			"rolls": 1,
			"entries": [
				{
					"type": "minecraft:item",
					"name": "minecraft:suspicious_stew",
					"functions": [
						{
							"function": "minecraft:set_name",
							"entity": "this",
							"name": "wasteland"
						},
						{
							"function": "minecraft:set_stew_effect",
							"effects": [
								{
									"type": "minecraft:instant_damage",
									"duration": {
										"min": 0,
										"max": 7
									}
								}
							]
						}
					]
				}
			]
		}
	]
}
