{
  "type": "minecraft:entity",
  "pools": [
    {
      "rolls": 1,
      "entries": [
        {
          "type": "minecraft:item",
          "functions": [
            {
              "function": "minecraft:set_count",
              "count": {
                "min": 0.0,
                "max": 2.0,
                "type": "minecraft:uniform"
              }
            },
            {
              "function": "minecraft:looting_enchant",
              "count": {
                "min": 0.0,
                "max": 1.0
              }
            }
          ],
          "name": "minecraft:gunpowder"
        }
      ]
    },
    {
      "rolls": 1.0,
      "entries": [
        {
          "type": "minecraft:tag",
          "name": "minecraft:creeper_drop_music_discs",
          "expand": true
        }
      ],
      "conditions": [
        {
          "condition": "minecraft:entity_properties",
          "predicate": {
            "type": "#minecraft:skeletons"
          },
          "entity": "killer"
        }
      ]
    },
		{
			"rolls": 1,
			"entries": [
				{
					"type": "minecraft:item",
					"name": "minecraft:creeper_head",
					"conditions": [
						{
							"condition": "minecraft:entity_properties",
							"entity": "killer_player",
							"predicate": {
								"type": "minecraft:player",
								"equipment": {
									"mainhand": {
										"items": [
											"minecraft:stone_sword"
										],
										"nbt": "{id:\"skull_sword\"}"
									}
								}
							}
						}
					]
				}
			]
		}
  ]
}