{
	"type": "minecraft:entity",
	"pools": [
		{
			"rolls": 1,
			"entries": [
				{
					"type": "minecraft:item",
					"name": "minecraft:rotten_flesh",
					"functions": [
						{
							"function": "minecraft:set_count",
							"count": {
								"type": "minecraft:uniform",
								"min": 0,
								"max": 2
							}
						},
						{
							"function": "minecraft:looting_enchant",
							"count": {
								"min": 0,
								"max": 1
							}
						}
					]
				}
			]
		},
		{
			"rolls": 1,
			"entries": [
				{
					"type": "minecraft:item",
					"name": "minecraft:iron_ingot"
				},
				{
					"type": "minecraft:item",
					"name": "minecraft:carrot"
				},
				{
					"type": "minecraft:item",
					"name": "minecraft:potato"
				},
				{
					"type": "minecraft:item",
					"name": "minecraft:rotten_flesh",
					"functions": [
						{
							"function": "minecraft:set_nbt",
							"tag": "{id: \"disaster:spicy_strip\", display: {Lore: ['[{\"text\": \"消耗品\",\"color\": \"yellow\",\"italic\": false},{\"text\": \":\",\"color\": \"light_purple\",\"italic\": false},{\"text\": \"食物\",\"color\": \"aqua\",\"italic\": false}]', '{\"text\":\"老夫曾有幸吃过一次龙肉，其肉质紧实，入口即化，初尝略带辛辣，仿若烈火在口中灼烧；咀嚼后有回甘，回味无穷。如果老夫没有记错的话，此龙名叫卫龙！\",\"italic\": false}', '{\"text\":\"--选自某沙雕网友\",\"italic\": false}'], Name: '{\"text\": \"卫龙\",\"color\":\"gold\",\"italic\": false}'}, Enchantments: [{}]}"
						}
					]
				}
			],
			"conditions": [
				{
					"condition": "minecraft:killed_by_player"
				},
				{
					"condition": "minecraft:random_chance_with_looting",
					"chance": 0.025,
					"looting_multiplier": 0.01
				}
			]
		},
		{
			"rolls": 1,
			"entries": [
				{
					"type": "minecraft:item",
					"name": "minecraft:zombie_head",
					"conditions": [
						{
							"condition": "minecraft:entity_properties",
							"entity": "killer_player",
							"predicate": {
								"type": "minecraft:player",
								"equipment": {
									"mainhand": {
										"items": [
											"minecraft:stone_sword"
										],
										"nbt": "{id:\"skull_sword\"}"
									}
								}
							}
						}
					]
				}
			]
		}
	]
}
