{
	"type": "minecraft:block",
	"pools": [
		{
			"rolls": 1,
			"entries": [
				{
					"type": "minecraft:item",
					"name": "minecraft:suspicious_stew",
					"functions": [
						{
							"function": "minecraft:set_stew_effect",
							"effects": [
								{
									"type": "minecraft:instant_damage",
									"duration": {
										"min": 0,
										"max": 100
									}
								}
							]
						}
					]
				}
			],
			"conditions": [
				{
					"condition": "minecraft:inverted",
					"term": {
						"condition": "minecraft:match_tool",
						"predicate": {
							"enchantments": [
								{
									"enchantment": "minecraft:silk_touch"
								}
							]
						}
					}
				},
				{
					"condition": "minecraft:entity_properties",
					"entity": "this",
					"predicate": {
						"type": "minecraft:player"
					}
				}
			]
		},
		{
			"rolls": 1,
			"entries": [
				{
					"type": "minecraft:item",
					"name": "minecraft:yellow_stained_glass",
					"conditions": [
						{
							"condition": "minecraft:match_tool",
							"predicate": {
								"enchantments": [
									{
										"enchantment": "minecraft:silk_touch"
									}
								]
							}
						}
					]
				}
			]
		}
	]
}
