{
	"display": {
		"icon": {
			"item": "minecraft:rotten_flesh",
			"nbt": "{Enchantments:[{}]}"
		},
		"title": {
			"text": "真不戳!",
			"color": "aqua",
			"italic": false
		},
		"description": {
			"text": "吃掉1个卫龙",
			"bold": false
		},
		"frame": "task"
	},
	"parent": "disaster:collector/roof",
	"criteria": {
		"requirement": {
			"trigger": "minecraft:consume_item",
			"conditions": {
				"item": {
					"items": [
						"minecraft:rotten_flesh"
					],
					"nbt": "{id:\"disaster:spicy_strip\",Enchantments:[{}]}"
				}
			}
		}
	}
}
