{
	"type": "minecraft:entity",
	"pools": [
		{
			"rolls": 1,
			"entries": [
				{
					"type": "minecraft:item",
					"name": "minecraft:flint",
					"functions": [
						{
							"function": "minecraft:set_lore",
							"entity": "this",
							"lore": [
								{
									"text": "材料",
									"color": "white",
									"italic": false
								},
								{
									"text": "由暗影生物提取而来的精华",
									"italic": false
								}
							]
						},
						{
							"function": "minecraft:set_name",
							"entity": "this",
							"name": {
								"text": "暗影精华",
								"color": "dark",
								"italic": false
							}
						},
						{
							"function": "minecraft:set_count",
							"count": {
								"min": 0,
								"max": 2
							}
						}
					]
				}
			],
			"conditions": [
				{
					"condition": "minecraft:random_chance_with_looting",
					"chance": 0.02,
					"looting_multiplier": 0.01
				}
			]
		},
		{
			"rolls": 3,
			"entries": [
				{
					"type": "minecraft:item",
					"name": "minecraft:zombie_head",
					"conditions": [
						{
							"condition": "minecraft:random_chance_with_looting",
							"chance": 0.01,
							"looting_multiplier": 0.02
						}
					]
				},
				{
					"type": "minecraft:item",
					"name": "minecraft:bone",
					"functions": [
						{
							"function": "minecraft:set_count",
							"count": {
								"min": 0,
								"max": 1
							}
						}
					]
				},
				{
					"type": "minecraft:item",
					"name": "minecraft:book",
					"functions": [
						{
							"function": "minecraft:enchant_with_levels",
							"levels": {
								"min": 6,
								"max": 15
							},
							"treasure": false
						}
					],
					"conditions": [
						{
							"condition": "minecraft:random_chance_with_looting",
							"chance": 0.01,
							"looting_multiplier": 0.03
						}
					]
				},
				{
					"type": "minecraft:item",
					"name": "minecraft:paper",
					"functions": [
						{
							"function": "minecraft:set_count",
							"count": {
								"min": 0,
								"max": 1
							}
						}
					]
				}
			]
		},
		{
			"rolls": 1,
			"entries": [
				{
					"type": "minecraft:item",
					"name": "minecraft:knowledge_book",
					"functions": [
						{
							"function": "minecraft:set_nbt",
							"tag": "{tarot:\"I\",id:\"disaster:tarot\",Recipes:[\"disaster:tarot/i\"],display:{Name:'[{\"text\":\"I\",\"color\": \"aqua\",\"italic\": false},{\"text\": \"-\",\"color\": \"light_purple\",\"italic\": false},{\"text\": \"恶魔\",\"color\": \"red\",\"italic\": false}]',Lore:['[{\"text\": \"消耗品\",\"color\": \"blue\",\"italic\": false},{\"text\":\":\",\"color\": \"light_purple\",\"italic\": false},{\"text\":\"塔罗牌\",\"color\": \"gold\",\"italic\": false}]','{\"text\": \"使用后获得50秒力量III效果\",\"color\": \"gold\",\"italic\": false}']}}"
						}
					]
				},
				{
					"type": "minecraft:item",
					"name": "minecraft:knowledge_book",
					"functions": [
						{
							"function": "minecraft:set_nbt",
							"tag": "{tarot:\"II\",id:\"disaster:tarot\",Recipes:[\"disaster:tarot/ii\"],display:{Name:'[{\"text\":\"II\",\"color\": \"aqua\",\"italic\": false},{\"text\": \"-\",\"color\": \"light_purple\",\"italic\": false},{\"text\": \"无懈可击\",\"color\": \"red\",\"italic\": false}]',Lore:['[{\"text\": \"消耗品\",\"color\": \"blue\",\"italic\": false},{\"text\":\":\",\"color\": \"light_purple\",\"italic\": false},{\"text\":\"塔罗牌\",\"color\": \"gold\",\"italic\": false}]','{\"text\": \"使用后获得10秒抗性提升V效果\",\"color\": \"gold\",\"italic\": false}']}}"
						}
					]
				},
				{
					"type": "minecraft:item",
					"name": "minecraft:knowledge_book",
					"functions": [
						{
							"function": "minecraft:set_nbt",
							"tag": "{tarot:\"III\",id:\"disaster:tarot\",Recipes:[\"disaster:tarot/iii\"],display:{Name:'[{\"text\":\"III\",\"color\": \"aqua\",\"italic\": false},{\"text\": \"-\",\"color\": \"light_purple\",\"italic\": false},{\"text\": \"刽子手\",\"color\": \"red\",\"italic\": false}]',Lore:['[{\"text\": \"消耗品\",\"color\": \"blue\",\"italic\": false},{\"text\":\":\",\"color\": \"light_purple\",\"italic\": false},{\"text\":\"塔罗牌\",\"color\": \"gold\",\"italic\": false}]','{\"text\": \"使用后击杀半径64格内的敌人\",\"color\": \"gold\",\"italic\": false}']}}"
						}
					]
				}
			],
			"conditions": [
				{
					"condition": "minecraft:random_chance_with_looting",
					"chance": 0.05,
					"looting_multiplier": 0.01
				},
				{
					"condition": "minecraft:value_check",
					"value": {
						"type": "minecraft:score",
						"target": {
							"type": "minecraft:fixed",
							"name": "world"
						},
						"score": "worldlevel"
					},
					"range": {
						"min": 2
					}
				}
			]
		}
	]
}
