{
	"type": "minecraft:entity",
	"pools": [
		{
			"rolls": 1,
			"entries": [
				{
					"type": "minecraft:item",
					"name": "minecraft:flint",
					"functions": [
						{
							"function": "minecraft:set_lore",
							"entity": "this",
							"lore": [
								{
									"text": "材料",
									"color": "white",
									"italic": false
								},
								{
									"text": "由暗影生物提取而来的精华",
									"italic": false
								}
							]
						},
						{
							"function": "minecraft:set_name",
							"entity": "this",
							"name": {
								"text": "暗影精华",
								"color": "dark",
								"italic": false
							}
						},
						{
							"function": "minecraft:set_count",
							"count": {
								"min": 0,
								"max": 2
							}
						}
					]
				}
			],
			"conditions": [
				{
					"condition": "minecraft:random_chance_with_looting",
					"chance": 0.02,
					"looting_multiplier": 0.01
				}
			]
		},
		{
			"rolls": 1,
			"entries": [
				{
					"type": "minecraft:item",
					"name": "minecraft:rotten_flesh",
					"functions": [
						{
							"function": "minecraft:set_count",
							"count": {
								"type": "minecraft:uniform",
								"min": 0,
								"max": 2
							}
						},
						{
							"function": "minecraft:looting_enchant",
							"count": {
								"min": 0,
								"max": 1
							}
						}
					]
				}
			]
		},
		{
			"rolls": 1,
			"entries": [
				{
					"type": "minecraft:item",
					"name": "minecraft:iron_ingot"
				},
				{
					"type": "minecraft:item",
					"name": "minecraft:carrot"
				},
				{
					"type": "minecraft:item",
					"name": "minecraft:potato"
				}
			],
			"conditions": [
				{
					"condition": "minecraft:killed_by_player"
				},
				{
					"condition": "minecraft:random_chance_with_looting",
					"chance": 0.025,
					"looting_multiplier": 0.01
				}
			]
		}
	]
}
