{
	"temperature": 0.1,
	"downfall": 0.4,
	"precipitation": "none",
	"category": "none",
	"effects": {
		"sky_color": 5855577,
		"fog_color": 0,
		"water_color": 6578786,
		"water_fog_color": 0,
		"grass_color": 9079434,
		"foliage_color": 9737364,
		"ambient_sound": "ambient.warped_forest.loop",
		"additions_sound": {
			"sound": "ambient.warped_forest.mood",
			"tick_chance": 0.003
		},
		"particle": {
			"options": {
				"type": "minecraft:soul"
			},
			"probability": 0.002
		}
	},
	"spawners": {},
	"spawn_costs": {},
	"carvers": {
		"air": [
			"disaster:abyss"
		]
	},
	"features": []
}
