{
    "temperature": 0.8,
    "downfall": 0.4,
    "precipitation": "rain",
    "category": "none",
    "effects": {
        "sky_color": 16740576,
        "fog_color": 9961707,
        "water_color": 5243002,
        "water_fog_color": 6095958,
        "grass_color": 28415,
        "foliage_color": 15662848,
        "particle": {
            "options": {
                "type": "minecraft:dust"
            },
            "probability": 0.1
        }
    },
    "spawners": {},
    "spawn_costs": {},
    "carvers": {},
    "features": []
}