[
	{
		"function": "minecraft:set_nbt",
		"tag": "{generation:0,Enchantments:[{}],display:{Name:'{\"text\":\"倒影之书\",\"color\":\"red\",\"italic\": false,\"bold\": true}',Lore:['[{\"text\": \"道具\",\"color\": \"dark_purple\",\"italic\": false},{\"text\": \":\",\"color\": \"lightpurple\",\"italic\": false},{\"text\": \"传送书\",\"color\": \"gold\",\"italic\": false}]','{\"text\":\"非深渊维度打开即可到达深渊\",\"italic\": false}','{\"text\": \"潜行打开回到主世界\",\"italic\": false}']},resolved:false,id:\"mirror_of_reflection\"}"
	}
]
