{
	"type": "minecraft:gift",
	"pools": [
		{
			"rolls": 1,
			"entries": [
				{
					"type": "minecraft:item",
					"name": "minecraft:wither_skeleton_skull",
					"functions": [
						{
							"function": "minecraft:set_nbt",
							"tag": "{Enchantments:[{}]}"
						},
						{
							"function": "minecraft:set_name",
							"name": {
								"text": "暗影领主·战利品",
								"color": "gold",
								"italic": false
							}
						},
						{
							"function": "minecraft:set_lore",
							"entity": "this",
							"lore": [
								{
									"text": "战利品",
									"italic": false
								}
							]
						}
					]
				}
			]
		},
		{
			"rolls": 5,
			"entries": [
				{
					"type": "minecraft:item",
					"name": "minecraft:coal",
					"functions": [
						{
							"function": "minecraft:set_lore",
							"entity": "this",
							"lore": [
								{
									"text": "材料",
									"italic": false
								},
								{
									"text": "由纯粹的黑影凝聚而成，应该时刻拿出来看看是否还在",
									"color": "red",
									"italic": false
								}
							]
						},
						{
							"function": "minecraft:set_name",
							"entity": "this",
							"name": {
								"text": "暗影石",
								"color": "dark",
								"italic": false
							}
						},
						{
							"function": "minecraft:set_count",
							"count": {
								"min": 4,
								"max": 12
							}
						}
					]
				},
				{
					"type": "minecraft:item",
					"name": "minecraft:iron_block",
					"functions": [
						{
							"function": "minecraft:set_count",
							"count": {
								"min": 1,
								"max": 5
							}
						}
					]
				},
				{
					"type": "minecraft:item",
					"name": "minecraft:diamond",
					"functions": [
						{
							"function": "minecraft:set_count",
							"count": {
								"min": 0,
								"max": 12
							}
						}
					]
				},
				{
					"type": "minecraft:item",
					"name": "minecraft:amethyst_shard",
					"functions": [
						{
							"function": "minecraft:set_count",
							"count": {
								"min": 0,
								"max": 16
							}
						}
					]
				}
			]
		}
	]
}
