[
    {
        "function": "minecraft:set_nbt",
        "tag": "{id: \"sulfur_fire\", HideFlags: 63, display: {Lore: ['{\"text\": \"魔法书\",\"color\": \"white\",\"italic\": false}','[{\"text\": \"消耗:\",\"color\": \"dark_purple\",\"italic\": false},{\"text\": \"肉体值*2\",\"color\": \"red\",\"italic\": false,\"bold\": true}]','{\"text\": \"伤害:\",\"color\": \"aqua\",\"italic\": false}','[{\"text\": \"亡灵生物:\",\"color\": \"red\",\"italic\": false,\"bold\": true},{\"text\": \"8\",\"color\": \"white\",\"italic\": false,\"bold\": true}]','[{\"text\": \"非亡灵生物:\",\"color\": \"red\",\"italic\": false,\"bold\": true},{\"text\": \"12\",\"color\": \"white\",\"italic\": false,\"bold\": true}]','{\"text\": \"烧光他们!\",\"color\": \"gold\",\"italic\": false}'], Name: '{\"text\":\"硫磺火\",\"color\": \"#DC143C\",\"italic\": false}'}, resolved: 0b}"
    }
]
