{
	"display": {
		"icon": {
			"item": "minecraft:wooden_pickaxe"
		},
		"title": {
			"text": "采矿时间到！",
			"italic": false
		},
		"description": {
			"text": "使用木板和木棍来制作一把镐",
			"italic": false
		}
	},"parent": "disaster:minecraft_adds/mine_wood",
	"criteria": {
		"requirement": {
			"trigger": "minecraft:inventory_changed",
			"conditions": {
				"items": [
					{
						"items": [
							"minecraft:wooden_pickaxe"
						]
					}
				]
			}
		}
	}
}
