{
	"display": {
		"icon": {
			"item": "minecraft:wooden_sword"
		},
		"title": {
			"text": "出击时间到！",
			"italic": false
		},
		"description": {
			"text": "使用木板和木棍来制作一把剑",
			"italic": false
		}
	},"parent": "minecraft:adventure/root",
	"criteria": {
		"requirement": {
			"trigger": "minecraft:inventory_changed",
			"conditions": {
				"items": [
					{
						"items": [
							"minecraft:wooden_sword"
						]
					}
				]
			}
		}
	}
}
