{
	"display": {
		"icon": {
			"item": "minecraft:zombie_head"
		},
		"title": {
			"text": "僵尸杀手",
			"italic": false
		},
		"description": {
			"text": "击杀500只僵尸",
			"italic": false
		},
		"frame": "goal",
		"show_toast": true,
		"announce_to_chat": true,
		"hidden": false
	},
	"parent": "disaster:killer/roof",
	"criteria": {
		"requirement": {
			"trigger": "minecraft:tick",
			"conditions": {
				"player": {
					"type": "minecraft:player",
					"player": {
						"stats": [
							{
								"type": "minecraft:killed",
								"stat": "minecraft:zombie",
								"value": {
									"min": 500
								}
							}
						]
					}
				}
			}
		}
	},
	"rewards": {
		"experience": 100
	}
}
