{
    "type": "minecraft:gift",
    "pools": [
      {
        "rolls": 1,
        "entries": [
          {
            "type": "minecraft:item",
            "name": "minecraft:bow",
            "functions": [
              {
                "function": "minecraft:enchant_with_levels",
                "levels": 30
              }
            ]
          }
        ]
      },
      {
        "rolls": 2,
        "entries": [
          {
            "type": "minecraft:item",
            "name": "minecraft:arrow",
            "functions": [
              {
                "function": "minecraft:set_count",
                "count": 64
              }
            ]
          }
        ]
      }
    ]
  }
  