{
  "type": "minecraft:gift",
  "pools": [
    {
      "rolls": 4,
      "entries": [
        {
          "type": "minecraft:item",
          "name": "minecraft:diamond_helmet",
          "functions": [
            {
              "function": "minecraft:set_attributes",
              "modifiers": [
                {
                  "attribute": "minecraft:generic.armor_toughness",
                  "name": "by fho4565",
                  "amount": {
                    "min": 1,
                    "max": 5
                  },
                  "operation": "addition",
                  "slot": "head"
                },
                {
                  "attribute": "minecraft:generic.armor",
                  "name": "by fho4565",
                  "amount": {
                    "min": 1,
                    "max": 10
                  },
                  "operation": "addition",
                  "slot": "head"
                }
              ]
            }
          ]
        },
        {
          "type": "minecraft:item",
          "name": "minecraft:diamond_chestplate",
          "functions": [
            {
              "function": "minecraft:set_attributes",
              "modifiers": [
                {
                  "attribute": "minecraft:generic.armor_toughness",
                  "name": "by fho4565",
                  "amount": {
                    "min": 1,
                    "max": 5
                  },
                  "operation": "addition",
                  "slot": "chest"
                },
                {
                  "attribute": "minecraft:generic.armor",
                  "name": "by fho4565",
                  "amount": {
                    "min": 1,
                    "max": 10
                  },
                  "operation": "addition",
                  "slot": "chest"
                }
              ]
            }
          ]
        },
        {
          "type": "minecraft:item",
          "name": "minecraft:diamond_leggings",
          "functions": [
            {
              "function": "minecraft:set_attributes",
              "modifiers": [
                {
                  "attribute": "minecraft:generic.armor_toughness",
                  "name": "by fho4565",
                  "amount": {
                    "min": 1,
                    "max": 5
                  },
                  "operation": "addition",
                  "slot": "legs"
                },
                {
                  "attribute": "minecraft:generic.armor",
                  "name": "by fho4565",
                  "amount": {
                    "min": 1,
                    "max": 10
                  },
                  "operation": "addition",
                  "slot": "legs"
                }
              ]
            }
          ]
        },
        {
          "type": "minecraft:item",
          "name": "minecraft:diamond_boots",
          "functions": [
            {
              "function": "minecraft:set_attributes",
              "modifiers": [
                {
                  "attribute": "minecraft:generic.armor_toughness",
                  "name": "by fho4565",
                  "amount": {
                    "min": 1,
                    "max": 5
                  },
                  "operation": "addition",
                  "slot": "feet"
                },
                {
                  "attribute": "minecraft:generic.armor",
                  "name": "by fho4565",
                  "amount": {
                    "min": 1,
                    "max": 10
                  },
                  "operation": "addition",
                  "slot": "feet"
                }
              ]
            }
          ]
        }
      ]
    },
    {
      "rolls": 1,
      "entries": [
        {
          "type": "minecraft:item",
          "name": "minecraft:diamond_sword",
          "functions": [
            {
              "function": "minecraft:set_attributes",
              "modifiers": [
                {
                  "attribute": "minecraft:generic.attack_speed",
                  "name": "by fho4565",
                  "amount": {
                    "min": 0.7,
                    "max": 1.5
                  },
                  "operation": "addition",
                  "slot": "mainhand"
                },
                {
                  "attribute": "minecraft:generic.movement_speed",
                  "name": "by fho4565",
                  "amount": {
                    "min": 0.02,
                    "max": 0.1
                  },
                  "operation": "addition",
                  "slot": "mainhand"
                },
                {
                  "attribute": "minecraft:generic.max_health",
                  "name": "by fho4565",
                  "amount": {
                    "min": 1,
                    "max": 5
                  },
                  "operation": "addition",
                  "slot": "mainhand"
                },
                {
                  "attribute": "minecraft:generic.attack_damage",
                  "name": "by fho4565",
                  "amount": {
                    "min": 1,
                    "max": 25
                  },
                  "operation": "addition",
                  "slot": "mainhand"
                }
              ]
            }
          ]
        }
      ]
    }
  ]
}
