{
    "type": "minecraft:gift",
    "pools": [
      {
        "rolls": {
          "min": 4,
          "max": 8
        },
        "entries": [
          {
            "type": "minecraft:item",
            "name": "minecraft:book",
            "functions": [
              {
                "function": "minecraft:enchant_with_levels",
                "levels": {
                  "min": 15,
                  "max": 32
                },
                "treasure": false
              }
            ]
          }
        ]
      },
      {
        "rolls": {
          "min": 4,
          "max": 7
        },
        "entries": [
          {
            "type": "minecraft:item",
            "name": "minecraft:book",
            "functions": [
              {
                "function": "minecraft:enchant_with_levels",
                "levels": {
                  "min": 15,
                  "max": 32
                },
                "treasure": true
              }
            ]
          }
        ]
      },
      {
        "rolls": 1,
        "entries": [
          {
            "type": "minecraft:item",
            "name": "minecraft:book",
            "functions": [
              {
                "function": "minecraft:set_count",
                "count": 16
              }
            ]
          }
        ]
      }
    ]
  }
  