{
    "pools": [
      {
        "rolls": 1,
        "entries": [
          {
            "type": "minecraft:item",
            "name": "minecraft:end_portal_frame",
            "functions": [
              {
                "function": "minecraft:set_count",
                "count": 12
              }
            ]
          }
        ]
      },
      {
        "rolls": 1,
        "entries": [
          {
            "type": "minecraft:item",
            "name": "minecraft:ender_pearl",
            "functions": [
              {
                "function": "minecraft:set_count",
                "count": {
                  "min": 2,
                  "max": 13
                }
              }
            ]
          }
        ]
      }
    ]
  }
  