{
    "type": "minecraft:gift",
    "pools": [
      {
        "rolls": {
          "min": 5,
          "max": 13
        },
        "entries": [
          {
            "type": "minecraft:item",
            "name": "minecraft:cake"
          },
          {
            "type": "minecraft:item",
            "name": "minecraft:cookie"
          },
          {
            "type": "minecraft:item",
            "name": "minecraft:cooked_salmon"
          },
          {
            "type": "minecraft:item",
            "name": "minecraft:cooked_rabbit"
          },
          {
            "type": "minecraft:item",
            "name": "minecraft:cooked_cod"
          },
          {
            "type": "minecraft:item",
            "name": "minecraft:cooked_porkchop"
          },
          {
            "type": "minecraft:item",
            "name": "minecraft:cooked_mutton"
          },
          {
            "type": "minecraft:item",
            "name": "minecraft:cooked_chicken"
          },
          {
            "type": "minecraft:item",
            "name": "minecraft:cooked_beef"
          }
        ],
        "functions": [
          {
            "function": "minecraft:set_count",
            "count": {
              "min": 2,
              "max": 4
            }
          }
        ]
      }
    ]
  }
  