{
    "type": "minecraft:gift",
    "pools": [
      {
        "rolls": 50,
        "entries": [
          {
            "type": "minecraft:item",
            "name": "minecraft:emerald"
          },
          {
            "type": "minecraft:item",
            "name": "minecraft:diamond"
          },
          {
            "type": "minecraft:item",
            "name": "minecraft:gold_ingot"
          },
          {
            "type": "minecraft:item",
            "name": "minecraft:iron_ingot"
          }
        ]
      }
    ]
  }
  