{
    "type": "minecraft:gift",
    "pools": [
      {
        "rolls": {
          "min": 1,
          "max": 3
        },
        "entries": [
          {
            "type": "minecraft:item",
            "name": "minecraft:yellow_stained_glass",
            "functions": [
              {
                "function": "minecraft:set_count",
                "count": {
                  "min": 16,
                  "max": 64
                }
              }
            ]
          }
        ]
      }
    ]
  }
  