{
    "type": "minecraft:gift",
    "pools": [
      {
        "rolls": {
          "min": 2,
          "max": 4
        },
        "entries": [
          {
            "type": "minecraft:item",
            "name": "minecraft:powered_rail"
          },
          {
            "type": "minecraft:item",
            "name": "minecraft:rail"
          }
        ],
        "functions": [
          {
            "function": "minecraft:set_count",
            "count": {
              "min": 48,
              "max": 64
            }
          }
        ]
      },
      {
        "rolls": {
          "min": 2,
          "max": 4
        },
        "entries": [
          {
            "type": "minecraft:item",
            "name": "minecraft:detector_rail"
          },
          {
            "type": "minecraft:item",
            "name": "minecraft:activator_rail"
          }
        ],
        "functions": [
          {
            "function": "minecraft:set_count",
            "count": {
              "min": 8,
              "max": 16
            }
          }
        ]
      },
      {
        "rolls": 1,
        "entries": [
          {
            "type": "minecraft:item",
            "name": "minecraft:minecart",
            "functions": [
              {
                "function": "minecraft:set_count",
                "count": {
                  "min": 1,
                  "max": 3
                }
              }
            ]
          }
        ]
      }
    ]
  }
  