{
    "type": "minecraft:gift",
    "pools": [
      {
        "rolls": {
          "min": 2,
          "max": 4
        },
        "entries": [
          {
            "type": "minecraft:item",
            "name": "minecraft:netherrack"
          },
          {
            "type": "minecraft:item",
            "name": "minecraft:glowstone"
          }
        ],
        "functions": [
          {
            "function": "minecraft:set_count",
            "count": {
              "min": 16,
              "max": 32
            }
          }
        ]
      }
    ]
  }
  