{
  "type": "minecraft:gift",
  "pools": [
    {
      "rolls": 3,
      "entries": [
        {
          "type": "minecraft:item",
          "name": "minecraft:cauldron"
        },
        {
          "type": "minecraft:item",
          "name": "minecraft:brewing_stand"
        }
      ]
    },
    {
      "rolls": {
        "min": 16,
        "max": 25
      },
      "entries": [
        {
          "type": "minecraft:item",
          "name": "minecraft:nether_wart"
        },
        {
          "type": "minecraft:item",
          "name": "minecraft:glass_bottle"
        },
        {
          "type": "minecraft:item",
          "name": "minecraft:ghast_tear"
        },
        {
          "type": "minecraft:item",
          "name": "minecraft:dragon_breath"
        },
        {
          "type": "minecraft:item",
          "name": "minecraft:rabbit_foot"
        },
        {
          "type": "minecraft:item",
          "name": "minecraft:golden_carrot"
        },
        {
          "type": "minecraft:item",
          "name": "minecraft:glistering_melon_slice"
        },
        {
          "type": "minecraft:item",
          "name": "minecraft:fermented_spider_eye"
        }
      ],
      "functions": [
        {
          "function": "minecraft:set_count",
          "count": {
            "min": 32,
            "max": 64
          }
        }
      ]
    }
  ]
}
