{
    "type": "minecraft:gift",
    "pools": [
      {
        "rolls": 2,
        "entries": [
          {
            "type": "minecraft:item",
            "name": "minecraft:redstone",
            "functions": [
              {
                "function": "minecraft:set_count",
                "count": {
                  "min": 32,
                  "max": 64
                }
              }
            ]
          }
        ]
      },
      {
        "rolls": 25,
        "entries": [
          {
            "type": "minecraft:item",
            "name": "minecraft:comparator"
          },
          {
            "type": "minecraft:item",
            "name": "minecraft:repeater"
          },
          {
            "type": "minecraft:item",
            "name": "minecraft:observer"
          },
          {
            "type": "minecraft:item",
            "name": "minecraft:dropper"
          },
          {
            "type": "minecraft:item",
            "name": "minecraft:daylight_detector"
          },
          {
            "type": "minecraft:item",
            "name": "minecraft:redstone_block"
          },
          {
            "type": "minecraft:item",
            "name": "minecraft:redstone_lamp"
          },
          {
            "type": "minecraft:item",
            "name": "minecraft:redstone_torch"
          },
          {
            "type": "minecraft:item",
            "name": "minecraft:oak_pressure_plate"
          },
          {
            "type": "minecraft:item",
            "name": "minecraft:stone_pressure_plate"
          },
          {
            "type": "minecraft:item",
            "name": "minecraft:oak_button"
          },
          {
            "type": "minecraft:item",
            "name": "minecraft:stone_button"
          },
          {
            "type": "minecraft:item",
            "name": "minecraft:lever"
          },
          {
            "type": "minecraft:item",
            "name": "minecraft:sticky_piston"
          },
          {
            "type": "minecraft:item",
            "name": "minecraft:piston"
          },
          {
            "type": "minecraft:item",
            "name": "minecraft:dispenser"
          }
        ],
        "functions": [
          {
            "function": "minecraft:set_count",
            "count": {
              "min": 5,
              "max": 15
            }
          }
        ]
      }
    ]
  }
  