{
	"display": {
		"icon": {
			"item": "minecraft:golden_boots"
		},
		"title": {
			"text": "马拉松得奖者",
			"italic": false
		},
		"description": {
			"text": "行走42195米",
			"italic": false
		},
		"frame": "challenge",
		"show_toast": true,
		"announce_to_chat": true,
		"hidden": false
	},
	"parent": "disaster:challgnger/roof",
	"criteria": {
		"requirement": {
			"trigger": "minecraft:tick",
			"conditions": {
				"player": {
					"type": "minecraft:player",
					"player": {
						"stats": [
							{
								"type": "minecraft:custom",
								"stat": "minecraft:walk_one_cm",
								"value": {
									"min": 42195
								}
							}
						]
					}
				}
			}
		}
	},
	"rewards": {
		"experience": 3000
	}
}
