{
	"display": {
		"icon": {
			"item": "minecraft:skeleton_skull"
		},
		"title": {
			"text": "天弃之子",
			"italic": false
		},
		"description": {
			"text": "连续10天没有得到任何祝福",
			"italic": false
		}
	},"parent": "disaster:challgnger/roof",
	"criteria": {
		"requirement": {
			"trigger": "minecraft:tick",
			"conditions": {
				"player": [
					{
						"condition": "minecraft:value_check",
						"value": {
							"type": "minecraft:score",
							"target": "this",
							"score": "bless.not"
						},
						"range": 10
					}
				]
			}
		}
	}
}
