{
	"display": {
		"icon": {
			"item": "minecraft:player_head"
		},
		"title": {
			"text": "超级天赐之子",
			"italic": false
		},
		"description": {
			"text": "连续10天得到所有超级祝福",
			"italic": false
		},"frame": "challenge"
	},
	"parent": "disaster:challgnger/son_of_give",
	"criteria": {
		"requirement": {
			"trigger": "minecraft:tick",
			"conditions": {
				"player": [
					{
						"condition": "minecraft:value_check",
						"value": {
							"type": "minecraft:score",
							"target": "this",
							"score": "bless.Xfull"
						},
						"range": 10
					}
				]
			}
		}
	}
}
