{
	"sea_level": 63,
	"disable_mob_generation": true,
	"noise_caves_enabled": false,
	"noodle_caves_enabled": false,
	"aquifers_enabled": false,
	"ore_veins_enabled": false,
	"legacy_random_source": false,
	"default_block": {
		"Name": "minecraft:stone"
	},
	"default_fluid": {
		"Name": "minecraft:air"
	},
	"noise": {
		"min_y": -64,
		"height": 384,
		"size_horizontal": 1,
		"size_vertical": 2,
		"sampling": {
			"xz_scale": 0.9999999814507745,
			"y_scale": 0.9999999814507745,
			"xz_factor": 40,
			"y_factor": 80
		},
		"bottom_slide": {
			"target": -0.171875,
			"size": 3,
			"offset": 0
		},
		"top_slide": {
			"target": -0.5,
			"size": 8,
			"offset": 2
		},
		"terrain_shaper": {
			"offset": 0,
			"factor": 0,
			"jaggedness": 0
		}
	},
	"surface_rule": {
		"type": "minecraft:sequence",
		"sequence": []
	},
	"structures": {
		"structures": {}
	}
}
