{
	"sea_level": 63,
	"disable_mob_generation": true,
	"noise_caves_enabled": true,
	"noodle_caves_enabled": false,
	"aquifers_enabled": true,
	"ore_veins_enabled": true,
	"legacy_random_source": false,
	"default_block": {
		"Name": "minecraft:stone"
	},
	"default_fluid": {
		"Name": "minecraft:water",
		"Properties": {
			"level": "0"
		}
	},
	"noise": {
		"min_y": -64,
		"height": 384,
		"size_horizontal": 1,
		"size_vertical": 2,
		"sampling": {
			"xz_scale": 0.3,
			"y_scale": 0.3,
			"xz_factor": 80,
			"y_factor": 160
		},
		"bottom_slide": {
			"target": 0.1171875,
			"size": 8,
			"offset": 4
		},
		"top_slide": {
			"target": -0.178125,
			"size": 2,
			"offset": 8
		},
		"terrain_shaper": {
			"offset": 0,
			"factor": 1,
			"jaggedness": {
				"coordinate": "continents",
				"points": [
					{
						"location": 1,
						"derivative": 1,
						"value": 1
					}
				]
			}
		}
	},
	"surface_rule": {
		"type": "minecraft:sequence",
		"sequence": [
			{
				"type": "minecraft:condition",
				"if_true": {
					"type": "minecraft:stone_depth",
					"offset": 0,
					"surface_type": "floor",
					"add_surface_depth": false,
					"add_surface_secondary_depth": false
				},
				"then_run": {
					"type": "minecraft:block",
					"result_state": {
						"Name": "minecraft:grass_block",
						"Properties": {
							"snowy": "false"
						}
					}
				}
			},
			{
				"type": "minecraft:condition",
				"if_true": {
					"type": "minecraft:stone_depth",
					"offset": 1,
					"surface_type": "floor",
					"add_surface_depth": true,
					"add_surface_secondary_depth": false
				},
				"then_run": {
					"type": "minecraft:block",
					"result_state": {
						"Name": "minecraft:dirt"
					}
				}
			}
		]
	},
	"structures": {
		"structures": {}
	}
}
