{
	"type": "minecraft:canyon",
	"config": {
		"probability": 0.9,
		"y": {
			"type": "minecraft:uniform",
			"min_inclusive": {
				"above_bottom": 0
			},
			"max_inclusive": {
				"below_top": 0
			}
		},
		"yScale": {
			"type": "minecraft:uniform",
			"value": {
				"min_inclusive": 1,
				"max_exclusive": 4
			}
		},
		"lava_level": {
			"absolute": 0
		},
		"replaceable": [
			"minecraft:stone",
			"minecraft:air"
		],
		"vertical_rotation": {
			"type": "minecraft:uniform",
			"value": {
				"min_inclusive": 1,
				"max_exclusive": 176
			}
		},
		"shape": {
			"distance_factor": {
				"type": "minecraft:uniform",
				"value": {
					"min_inclusive": 0,
					"max_exclusive": 3
				}
			},
			"thickness": {
				"type": "minecraft:uniform",
				"value": {
					"min_inclusive": 0,
					"max_exclusive": 3
				}
			},
			"width_smoothness": 6,
			"horizontal_radius_factor": {
				"type": "minecraft:uniform",
				"value": {
					"min_inclusive": 1,
					"max_exclusive": 6
				}
			},
			"vertical_radius_default_factor": 1,
			"vertical_radius_center_factor": 1
		}
	}
}
