{
	"criteria": {
		"requirement": {
			"trigger": "minecraft:tick",
			"conditions": {
				"player": {
					"equipment": {
                        "mainhand": {
                            "items": [
                                "minecraft:written_book"
                            ],
                            "nbt": "{id:\"mirror_of_reflection\",resolved:1b}"
                        }
                    }
				}
			}
		}
	},"rewards": {
        "function": "disaster:teleport/to_abyss"
    }
}
