{
	"display": {
		"icon": {
			"item": "minecraft:ender_eye"
		},
		"title": {
			"text": "深渊启示录",
			"color": "dark_red",
			"bold": false
		},
		"description": {
			"text": "击杀深渊领主",
			"color": "dark_red",
			"bold": false
		},
		"frame": "challenge"
	},
	"parent": "disaster:abyss/under_the_shadow",
	"criteria": {
		"requirement": {
			"trigger": "minecraft:player_killed_entity",
			"conditions": {
				"entity": {
					"nbt": "{Tags:[boss,abyss_lord]}"
				}
			}
		}
	}
}
