{
	"display": {
		"icon": {
			"item": "minecraft:deepslate"
		},
		"title": "幽邃之谷",
		"description": "到达深渊深处",
		"frame": "task",
		"show_toast": true,
		"announce_to_chat": true,
		"hidden": false
	},
	"parent": "disaster:abyss/goto",
	"criteria": {
		"requirement": {
			"trigger": "minecraft:location",
			"conditions": {
				"player": {
					"location": {
						"position": {
							"y": {
								"min": -65,
								"max": 30
							}
						},
						"dimension": "disaster:abyss"
					}
				}
			}
		}
	}
}
