{
	"display": {
		"icon": {
			"item": "minecraft:iron_sword"
		},
		"title": {
			"text": "深渊猎人",
			"italic": false
		},
		"description": {
			"text": "击杀深渊中的任意一种怪物",
			"italic": false
		},
		"frame": "task"
	},
	"parent": "disaster:abyss/goto",
	"criteria": {
		"requirement": {
			"trigger": "minecraft:player_killed_entity",
			"conditions": {
				"entity": {
					"type": "#brick:mob",
					"nbt": "{Tags:[\"abyss\",\"monster\"]}"
				}
			}
		}
	}
}
