{
	"display": {
		"icon": {
			"item": "minecraft:coal"
		},
		"title": "暗影之下",
		"description": "击败影,所有暗影生物的头领",
		"frame": "challenge",
		"show_toast": true,
		"announce_to_chat": true,
		"hidden": false
	},
	"parent": "disaster:abyss/goto",
	"criteria": {
		"requirement": {
			"trigger": "minecraft:player_killed_entity",
			"conditions": {
				"entity": {
					"type": "minecraft:zombie",
					"nbt":"{Tags:[boss,the_shadow]}"
				}
			}
		}
	}
}
